year,month,year_month,kalori_hari,protein_hari,lemak_hari,kg_tahun,time_index
1993,1,1993-01,23.523949518863933,0.5369522298668942,1.017247216749116,3.593343562669215,0
1993,2,1993-02,25.83565826438044,0.5897187589190205,1.1172125429553093,3.9464629966659017,1
1993,3,1993-03,27.44559408222524,0.6264667814668982,1.1868310705981295,4.192384817860262,2
1993,4,1993-04,28.481602024233023,0.6501144590890086,1.2316312090566945,4.350637685487893,3
1993,5,1993-05,32.320736254868926,0.7377456489215323,1.3976470648426849,4.937075275945058,4
1993,6,1993-06,30.108181238232294,0.687242379947352,1.301969447834833,4.599101828088982,5
1993,7,1993-07,29.824903526101174,0.6807763484215479,1.2897196568717395,4.555830431739582,6
1993,8,1993-08,29.616114304432262,0.6760105739474362,1.2806909750825868,4.523937343164593,7
1993,9,1993-09,28.267507065712323,0.6452275770929063,1.222373091048043,4.317934132014298,8
1993,10,1993-10,23.197245629899715,0.5294949624745776,1.0031195456502022,3.543438706540903,9
1993,11,1993-11,24.513511251020148,0.5595397370474438,1.0600388796469693,3.744501652736357,10
1993,12,1993-12,22.805758356474403,0.5205589645350454,0.9861904437166493,3.4836380224465215,11
1994,1,1994-01,23.48200747408221,0.5458446083916613,0.9006608446740489,3.6905716005154456,12
1994,2,1994-02,20.727161898490237,0.4818075959663737,0.7949977515250588,3.2576037268655065,13
1994,3,1994-03,24.676391044342893,0.5736083263317885,0.9464718562088641,3.878288008041145,14
1994,4,1994-04,26.037993502716944,0.6052590853862103,0.9986966083567792,4.092285528040814,15
1994,5,1994-05,27.007893569214733,0.6278046331874731,1.035897474343449,4.244720776377464,16
1994,6,1994-06,25.390334005982684,0.5902040929731364,0.9738553953542843,3.990495519325002,17
1994,7,1994-07,30.197797910576682,0.70195468564527,1.158247402972486,4.746065066621178,18
1994,8,1994-08,26.312890773804845,0.6116491350210437,1.0092403920877866,4.135490013979931,19
1994,9,1994-09,26.554429135479396,0.6172637492138603,1.018504682846875,4.173451615815506,20
1994,10,1994-10,21.97785299254451,0.5108801951130391,0.8429684583924562,3.4541697588723035,21
1994,11,1994-11,22.303002827345804,0.5184383770291984,0.8554396972838069,3.505272235845552,22
1994,12,1994-12,22.504665912090577,0.5231260813339117,0.8631745574505227,3.5369668026006673,23
1995,1,1995-01,23.681189079796095,0.5122526715842417,0.9875559701361776,3.7934180701968665,24
1995,2,1995-02,25.880057559802193,0.5598168479247991,1.0792534641960065,4.145648162948326,25
1995,3,1995-03,27.895611076871237,0.6034157005989877,1.1633063342695242,4.468513586104874,26
1995,4,1995-04,28.86201923129366,0.6243202741520969,1.2036076104965017,4.623319586083114,27
1995,5,1995-05,29.80088893188343,0.6446291577464146,1.2427604746062029,4.7737142844142095,28
1995,6,1995-06,29.043414942766127,0.6282440820952956,1.211172197613226,4.652376816589454,29
1995,7,1995-07,31.098814241778083,0.672704847073923,1.2968867215720223,4.981625015067547,30
1995,8,1995-08,29.800184280028265,0.6446139152772071,1.242731089124583,4.7736014083642955,31
1995,9,1995-09,27.513887789202304,0.5951585656529577,1.147387660996522,4.40736648692928,32
1995,10,1995-10,28.902875574098484,0.6252040461063857,1.2053114069198518,4.6298642400933385,33
1995,11,1995-11,24.604300253137453,0.5322206792345335,1.0260516701308384,3.9412884576995486,34
1995,12,1995-12,21.328522458012976,0.46136165600666373,0.8894447663341583,3.4165515181775143,35
1996,1,1996-01,25.776777155413164,0.5650745126574238,17.74139116464084,4.0331326408956505,36
1996,2,1996-02,26.907922372373527,0.589871302743512,18.519924867171298,4.210115925835048,37
1996,3,1996-03,25.997544519689544,0.5699141405917849,17.893338793407594,4.067674742786018,38
1996,4,1996-04,29.57726168390249,0.6483881453063056,20.35715194142729,4.627770912028407,39
1996,5,1996-05,28.50634316392975,0.624911635534706,19.62007048808103,4.460210925277516,40
1996,6,1996-06,29.165307069470597,0.6393573401135707,20.073615799082972,4.563314925462843,41
1996,7,1996-07,28.42745846913055,0.6231823374847197,19.565776492408183,4.447868325753008,42
1996,8,1996-08,30.032515724341966,0.6583681538033197,20.67048979441113,4.699001691552391,43
1996,9,1996-09,26.092591559976672,0.571997747073928,17.95875685209695,4.082546164387381,44
1996,10,1996-10,26.916435798612664,0.5900579327536998,18.52578440593944,4.211447968900164,45
1996,11,1996-11,26.002542329428326,0.5700237018020738,17.89677863761339,4.068456719115678,46
1996,12,1996-12,26.89285332631516,0.5895409614519569,18.509553289724373,4.207758165547222,47
1997,1,1997-01,24.69085780971814,0.552689866289789,0.8538326985354842,4.130723422877266,48
1997,2,1997-02,20.797424518041048,0.4655377251220459,0.7191941744461303,3.479361035337589,49
1997,3,1997-03,23.64146139749766,0.5291997645191312,0.8175436000608657,3.9551618294628668,50
1997,4,1997-04,27.64668785629144,0.618854327881437,0.956048035261639,4.625226955379855,51
1997,5,1997-05,26.5741130748806,0.5948453923842493,0.9189574073437756,4.445787674391513,52
1997,6,1997-06,25.804230904669357,0.5776120472735958,0.892334169868118,4.316988167389553,53
1997,7,1997-07,25.345726279846698,0.5673486995300944,0.8764786558912305,4.240281403783023,54
1997,8,1997-08,29.62264342254976,0.6630848939527396,1.0243784062162078,4.955799752931482,55
1997,9,1997-09,25.434773958569878,0.5693419777720338,0.8795580069777126,4.255178874542824,56
1997,10,1997-10,24.359576548926597,0.5452743363336315,0.8423766861500195,4.075300833915075,57
1997,11,1997-11,22.83080400127231,0.5110536907221215,0.7895103175584484,3.8195407214267263,58
1997,12,1997-12,23.445891968095793,0.524822061540179,0.8107806283186884,3.922443516107586,59
1998,1,1998-01,27.93401139177477,0.5324850955926075,1.1825124512494556,4.165660381673492,60
1998,2,1998-02,26.065563801038248,0.496868281379663,1.1034166669181165,3.8870280723068453,61
1998,3,1998-03,27.8103042732887,0.5301269596310844,1.1772756377511606,4.147212553497975,62
1998,4,1998-04,28.482753649652558,0.5429453574412797,1.205742002614867,4.247491589205134,63
1998,5,1998-05,30.852695144339293,0.5881217735903309,1.3060672042801391,4.600909193746082,64
1998,6,1998-06,29.99918935886343,0.5718520333301912,1.2699362954613707,4.473630114983595,65
1998,7,1998-07,30.38359318032242,0.5791796348960739,1.2862090140053666,4.530954347696091,66
1998,8,1998-08,30.235942329884733,0.5763650775413507,1.2799586059765524,4.508935909693671,67
1998,9,1998-09,27.83656235526048,0.5306274977418742,1.1783872041653816,4.151128290848923,68
1998,10,1998-10,25.425055480232796,0.48465875194085223,1.0763024421167209,3.7915122475765264,69
1998,11,1998-11,25.693374034840716,0.4897735071829775,1.0876609980818892,3.831525260993111,70
1998,12,1998-12,25.93125309447561,0.494308017176285,1.0977309785785894,3.866998983705296,71
1999,1,1999-01,27.155915077714695,0.6553627505421814,0.9830441258132719,4.26130619399499,72
1999,2,1999-02,25.742119246487537,0.6212431444818993,0.9318647167228488,4.039453352158824,73
1999,3,1999-03,29.984128100605176,0.7236169581612717,1.0854254372419072,4.705109381546964,74
1999,4,1999-04,31.212650776263192,0.7532653054004851,1.1298979581007271,4.8978891598112195,75
1999,5,1999-05,34.0959863184494,0.8228498031519121,1.234274704727868,5.350342173091079,76
1999,6,1999-06,31.293873856632924,0.7552254890734079,1.1328382336101117,4.910634685582838,77
1999,7,1999-07,31.37478102920234,0.7571780488380832,1.1357670732571246,4.9233306391024305,78
1999,8,1999-08,28.62608670905777,0.6908428925785942,1.036264338867891,4.492005526385345,79
1999,9,1999-09,27.607586251670398,0.6662630815403123,0.9993946223104683,4.332182434612118,80
1999,10,1999-10,27.942165954824603,0.6743376050431006,1.0115064075646505,4.384684681631077,81
1999,11,1999-11,28.216996988834563,0.6809701939972075,1.021455290995811,4.42781116748792,82
1999,12,1999-12,27.194260287013726,0.6562881482599313,0.9844322223898967,4.267323324238194,83
2000,1,2000-01,27.722949782245966,0.6489343552861925,0.8831904266626663,4.40932702484506,84
2000,2,2000-02,27.528211597697037,0.6443759551436221,0.8769865089103994,4.378353973757591,85
2000,3,2000-03,31.29367656071005,0.7325173541404366,0.9969456991620999,4.977250070779462,86
2000,4,2000-04,32.30485714843927,0.7561869069091756,1.029159623788602,5.138078046427584,87
2000,5,2000-05,31.62791268360983,0.7403410996159714,1.0075937054640476,5.03041022801227,88
2000,6,2000-06,32.545793477064954,0.7618267057873549,1.0368353098374845,5.176398898769081,89
2000,7,2000-07,30.953502044273712,0.7245546037028991,0.9861085090841675,4.92314541379787,90
2000,8,2000-08,32.40225190828682,0.7584667078028886,1.0322624003755132,5.153568654391283,91
2000,9,2000-09,29.296635510778856,0.6857709380340561,0.9333244917940036,4.659621278015651,92
2000,10,2000-10,27.67430044633041,0.6477955794457628,0.8816405689425607,4.401589362248614,93
2000,11,2000-11,25.8493380424262,0.6050771526440976,0.8235013977213335,4.111329627622022,94
2000,12,2000-12,26.54338571946215,0.6213233091812941,0.8456121856721225,4.221717706918166,95
2001,1,2001-01,25.021981736737633,0.45955084947484937,1.03411158896361,3.8876926702294505,96
2001,2,2001-02,26.453544897423335,0.4858427744507241,1.0932754102138238,4.110116204277395,97
2001,3,2001-03,28.320093510599953,0.520123592404964,1.1704163646177639,4.400123903844192,98
2001,4,2001-04,31.374193290693185,0.576214839017223,1.2966365820919292,4.874642727098911,99
2001,5,2001-05,28.505020210015665,0.5235199349769153,1.1780590383670537,4.428856167395989,100
2001,6,2001-06,31.704039496030454,0.5822727566295698,1.3102685072968836,4.925891292791451,101
2001,7,2001-07,29.52445509104358,0.5422427591916272,1.2201903705595356,4.587246879868197,102
2001,8,2001-08,26.8007535238639,0.4922195682996097,1.107624891728438,4.164062388326901,103
2001,9,2001-09,28.963576282392918,0.5319417232593125,1.1970103010457698,4.5001025259069465,104
2001,10,2001-10,25.876670723478288,0.47524796947221515,1.069434282243751,4.020486632915426,105
2001,11,2001-11,24.0580700715098,0.4418477582794865,0.9942749271741159,3.737928660524618,106
2001,12,2001-12,26.65253310301818,0.4894973690339472,1.1014992196481732,4.141033219424016,107
2002,1,2002-01,24.86023675275734,0.5206947225380671,0.9903313472833979,3.805377972233092,108
2002,2,2002-02,24.08583567336865,0.5044749833949653,0.9594823384056501,3.6868397282699723,109
2002,3,2002-03,27.783611572085707,0.5819244628484093,1.106786783819766,4.252861487884615,110
2002,4,2002-04,29.505756941485195,0.6179945942074853,1.1753900944340985,4.5164717712005675,111
2002,5,2002-05,26.4285073206656,0.5535419643540984,1.0528049077674597,4.045434506407395,112
2002,6,2002-06,28.377414397828144,0.5943615928993926,1.13044148824944,4.343755400738418,113
2002,7,2002-07,28.847818923420807,0.6042141601283414,1.1491805031764286,4.4157606289078775,114
2002,8,2002-08,29.086356632583442,0.6092103042730076,1.1586828813412997,4.452273802656866,115
2002,9,2002-09,28.959423597713315,0.6065517068497435,1.1536263822947346,4.4328440530672975,116
2002,10,2002-10,25.946086405045644,0.5434377152552867,1.033587208431969,3.971589919008561,117
2002,11,2002-11,23.840337386690923,0.4993330507763611,0.9497026789671956,3.649261092891902,118
2002,12,2002-12,24.913843747066043,0.5218175147023282,0.9924668332574669,3.81358364128318,119
2003,1,2003-01,28.21426479902715,0.5510221800493763,1.1385609909741723,4.680846434148735,120
2003,2,2003-02,25.837168329860344,0.504597689177187,1.0426354252770258,4.286477712844657,121
2003,3,2003-03,29.67778755283143,0.5796046543437591,1.1976201204164574,4.9236500411977655,122
2003,4,2003-04,33.08828546772138,0.6462113871260114,1.335247661426363,5.489463721522151,123
2003,5,2003-05,31.92518196253569,0.6234960750802909,1.2883116774869405,5.296500731574525,124
2003,6,2003-06,30.03734857972377,0.5866268504672547,1.2121298785834804,4.983302488730118,125
2003,7,2003-07,33.33830672838453,0.6510942809774244,1.3453370419696076,5.530943133967336,126
2003,8,2003-08,30.334404615935412,0.5924283294650633,1.224117304708993,5.032585136984401,127
2003,9,2003-09,26.687587200329975,0.5212062970320853,1.0769533052147808,4.427565214706759,128
2003,10,2003-10,26.03096333982114,0.5083824891580454,1.0504558466191558,4.318628991206591,129
2003,11,2003-11,27.9350535431151,0.5455692080856238,1.1272936747252185,4.634524298132801,130
2003,12,2003-12,27.52949877070815,0.5376487580433174,1.110927880795976,4.567241325360159,131
2004,1,2004-01,23.92744469020564,0.5007715841652453,0.8797750019681208,4.0381368169920835,132
2004,2,2004-02,26.906662603312853,0.5631229005400717,0.9893162204017065,4.540927219248663,133
2004,3,2004-03,28.397731058663528,0.5943291042175763,1.044140493123888,4.7925687340098175,134
2004,4,2004-04,29.19463897659861,0.6110073933397546,1.073441560335496,4.927059618633341,135
2004,5,2004-05,29.602384659336735,0.6195410020942612,1.088433736202076,4.995873187100531,136
2004,6,2004-06,31.55710992242117,0.6604509646613591,1.1603059500737556,5.3257641618437255,137
2004,7,2004-07,31.596432121943923,0.6612739292696915,1.16175176631575,5.332400408366236,138
2004,8,2004-08,29.743384434792603,0.6224919515933057,1.093618079090975,5.01966914157155,139
2004,9,2004-09,28.19810822948945,0.5901512472965668,1.0368006715422966,4.758879206923378,140
2004,10,2004-10,26.312637111943804,0.5506906876481878,0.9674748251083665,4.440675970609854,141
2004,11,2004-11,28.631775780219,0.5992273684282475,1.0527459542599606,4.83206750285757,142
2004,12,2004-12,24.605943303979,0.514971714186329,0.9047223428562254,4.152644248438695,143
2005,1,2005-01,22.599468813299904,0.5220416380862001,0.6100638279385405,3.9916083360202412,144
2005,2,2005-02,23.984149092537944,0.5540273793074131,0.6474427308942521,4.236176090731214,145
2005,3,2005-03,22.120993237348895,0.5109889812508897,0.5971475667710221,3.907098071052237,146
2005,4,2005-04,24.714974735135286,0.5709092546633677,0.6671710834835037,4.3652574311498045,147
2005,5,2005-05,25.57655994807008,0.5908116408489504,0.6904292395685226,4.517434048509872,148
2005,6,2005-06,24.758516054249334,0.5719150473986977,0.6683464643754908,4.372947872627556,149
2005,7,2005-07,25.973563668782855,0.5999823197883265,0.7011461998459847,4.587554429396682,150
2005,8,2005-08,27.59435710475898,0.6374222112878288,0.7448988851864183,4.873825431757666,151
2005,9,2005-09,24.303177474187063,0.5613968489320301,0.6560547773692276,4.2925241561719485,152
2005,10,2005-10,23.048082471975675,0.5324044926814867,0.6221739783203137,4.070844270033385,153
2005,11,2005-11,21.36911162279678,0.4936207186182438,0.5768508164482743,3.7742977408701237,154
2005,12,2005-12,21.13324674797508,0.4881723035853005,0.5704837363368476,3.732638345762634,155
2006,1,2006-01,22.76331601920516,0.4342631308147262,0.9377480413369768,4.008651012037026,156
2006,2,2006-02,22.656318007640916,0.43222189519450116,0.933340196026273,3.989808516199377,157
2006,3,2006-03,25.567445128089574,0.4877584073818778,1.0532657707088233,4.502461974408601,158
2006,4,2006-04,27.001483181224323,0.5151160144254361,1.1123418022674607,4.7549980323427015,159
2006,5,2006-05,28.731203130385527,0.5481144404861072,1.1835986214856677,5.059604075631635,160
2006,6,2006-06,23.980558359055323,0.4574848560246032,0.9878930474100762,4.223009049039099,161
2006,7,2006-07,26.665160794714478,0.5086998836470547,1.0984868059680948,4.695771201158881,162
2006,8,2006-08,26.635130936237633,0.5081269943391403,1.0972497084843835,4.690482902104694,163
2006,9,2006-09,26.41425977399181,0.5039133638495124,1.0881507925088245,4.651587189049552,164
2006,10,2006-10,22.843475732078257,0.4357923635437412,0.9410502673253812,4.022767246853704,165
2006,11,2006-11,22.539645462513175,0.4299960953732208,0.9285338026792301,3.969262321800078,166
2006,12,2006-12,20.592285045777448,0.3928456718284769,0.8483111578312478,3.6263294951959746,167
2007,1,2007-01,26.9367251896048,0.4950612496761971,1.0187006354349457,4.05897465098637,168
2007,2,2007-02,26.480973431861106,0.4866851373929642,1.0014648875128758,3.990299456848886,169
2007,3,2007-03,28.56445048102588,0.5249766796784844,1.0802584074733999,4.304249295552192,170
2007,4,2007-04,31.38846795256582,0.5768783718376895,1.1870578930265778,4.729787858619495,171
2007,5,2007-05,32.74811995716382,0.6018669707034787,1.23847759424508,4.934667738485361,172
2007,6,2007-06,29.910119433292305,0.5497082886053395,1.1311492936932253,4.507022131797953,173
2007,7,2007-07,30.744478440317113,0.5650426995179064,1.1627033168587826,4.632747959102409,174
2007,8,2007-08,32.16117790820271,0.591079755026707,1.2162804550593962,4.846224066080426,175
2007,9,2007-09,28.410147297754133,0.5221407920120428,1.0744229263693634,4.280998038947762,176
2007,10,2007-10,28.204070421152117,0.518353372593318,1.0666294531960194,4.24994523604042,177
2007,11,2007-11,26.838436867121555,0.49325484078964427,1.014983540061817,4.04416402324156,178
2007,12,2007-12,27.36012708602134,0.5028428144536458,1.0347129672194468,4.12277518919721,179
2008,1,2008-01,24.29997851928357,0.4823505191063574,0.9042889670329608,3.801230232666127,180
2008,2,2008-02,25.839309808390784,0.5129059883545424,0.9615729806893365,4.0420268502269145,181
2008,3,2008-03,26.591922428070777,0.5278452232802259,0.9895803835718663,4.159757565138592,182
2008,4,2008-04,29.339321380282286,0.5823806340724553,1.0918209085398707,4.589531441278195,183
2008,5,2008-05,28.2924270245159,0.5615999557869703,1.0528622314851828,4.425766420976275,184
2008,6,2008-06,27.84436751884756,0.5527060493591043,1.036188337422742,4.355676756591248,185
2008,7,2008-07,31.668523819476857,0.6286149138582476,1.1784988480318113,4.9538871020389665,186
2008,8,2008-08,29.71413404777396,0.5898206029839003,1.1057690262161044,4.648163149208512,187
2008,9,2008-09,28.008303752592422,0.5559601562458418,1.0422889900366845,4.381321197694185,188
2008,10,2008-10,25.85645699115932,0.5132463570714549,0.9622110885864682,4.044709173155433,189
2008,11,2008-11,21.094506594454355,0.41872243623808447,0.7850019111429036,3.299800291855524,190
2008,12,2008-12,26.85144548271303,0.5329967126129188,0.9992381630969569,4.200354592028847,191
2009,1,2009-01,24.73023295815332,0.5471774333088005,0.6817637351218798,4.085114842220122,192
2009,2,2009-02,22.618966573442943,0.5004638692525386,0.6235602859787587,3.7363609239430495,193
2009,3,2009-03,28.285942760521205,0.625850536248947,0.7797876397075659,4.672472143417389,194
2009,4,2009-04,26.51577300601276,0.5866840251840579,0.7309875517473927,4.38006297971772,195
2009,5,2009-05,27.267323756798323,0.603312724618956,0.7517063232954095,4.504209449826226,196
2009,6,2009-06,28.37601974286973,0.6278435660794816,0.7822708844080244,4.687351696641049,197
2009,7,2009-07,28.478867555773213,0.6301191613955944,0.7851061957127276,4.704340826007232,198
2009,8,2009-08,28.280075716543056,0.6257207229119475,0.7796258968795289,4.671502983584739,199
2009,9,2009-09,26.46494537204477,0.5855594205617388,0.7295863341510982,4.371666911542021,200
2009,10,2009-10,24.436667864538858,0.5406820559823988,0.6736707246329506,4.036621683133774,201
2009,11,2009-11,24.390788192037096,0.5396669292149704,0.6724059125729954,4.029042954239053,202
2009,12,2009-12,24.710123609011866,0.5467324968592592,0.6812093600375551,4.081793037658712,203
2010,1,2010-01,28.445851625734786,0.5455768465653749,1.2876488835915945,4.375263732362376,204
2010,2,2010-02,29.001961544985132,0.5562427496320226,1.3128221259363269,4.460799141634559,205
2010,3,2010-03,31.161142015928064,0.5976547237926716,1.4105610285876768,4.792903243506309,206
2010,4,2010-04,31.42176194783076,0.6026532804353182,1.4223584241718057,4.832989262057887,207
2010,5,2010-05,32.38077567996009,0.6210466720156449,1.4657697791128599,4.980495410097657,208
2010,6,2010-06,34.77123333050503,0.6668944238773785,1.573977828760861,5.348172314265833,209
2010,7,2010-07,33.477485806905214,0.6420810098350026,1.5154141908592427,5.149180675930811,210
2010,8,2010-08,30.883614209781825,0.5923318827927386,1.397998269896124,4.750216620481981,211
2010,9,2010-09,30.23826653251662,0.5799544452903187,1.3687855317052522,4.650955528768056,212
2010,10,2010-10,30.818504259226366,0.591083107330803,1.3950509594676466,4.740202042292187,213
2010,11,2010-11,29.214360611567216,0.5603164548064686,1.3224367236836092,4.493468296526848,214
2010,12,2010-12,26.564174762504756,0.5094872492911168,1.202471644249382,4.085842531547718,215
2011,1,2011-01,23.58585625798388,0.4276331509235406,0.813693440067433,34.29221672663661,216
2011,2,2011-02,23.476520910384426,0.42565080104868924,0.8099214568018667,34.13325063294249,217
2011,3,2011-03,26.807251413582232,0.4860399921121889,0.924829032403119,38.97590425655284,218
2011,4,2011-04,26.92368388492085,0.4881510193330681,0.9288458608405857,39.14518908121593,219
2011,5,2011-05,27.682051486623774,0.5019009177267196,0.9550089450176317,40.24780354098367,220
2011,6,2011-06,28.738673521694956,0.5210584418483967,0.9914615719294527,41.78405948303943,221
2011,7,2011-07,30.035510158405813,0.5445712764524839,1.0362014131541502,43.66957097427806,222
2011,8,2011-08,26.17071596934817,0.4744990221887338,0.9028690615766055,38.05042539459838,223
2011,9,2011-09,26.63463886972326,0.4829103687814967,0.9188740357697509,38.724937461071576,224
2011,10,2011-10,25.093316512244485,0.4549647843978712,0.8656996299906429,36.48396050648758,225
2011,11,2011-11,24.24738739649784,0.43962731565101365,0.8365157426339103,35.25403761306978,226
2011,12,2011-12,24.492314486310285,0.4440680678551052,0.844965534072274,35.61014479672267,227
2012,1,2012-01,28.822381221757333,0.4847163568939298,1.3645770618732802,4.53965534252272,228
2012,2,2012-02,31.726096066094847,0.5335491743484305,1.5020515696288308,4.997003557607345,229
2012,3,2012-03,31.843604981923455,0.5355253640721305,1.5076149535099748,5.015511743084147,230
2012,4,2012-04,34.98214641130658,0.5883073447109426,1.656207174580253,5.509846206916463,231
2012,5,2012-05,36.99049177849798,0.6220824114647943,1.7512909915384465,5.826169681568127,232
2012,6,2012-06,36.153125000625366,0.6080001130304085,1.7116464011533485,5.694280628489095,233
2012,7,2012-07,31.822139543131836,0.5351643720635191,1.50659868614564,5.012130839433604,234
2012,8,2012-08,35.764587160665734,0.601465932358393,1.6932513275471996,5.633084162195273,235
2012,9,2012-09,28.54974955900243,0.48013141211342236,1.3516694915211511,4.496714623126785,236
2012,10,2012-10,31.702672781171696,0.5331552565368838,1.5009426093013014,4.993314284340064,237
2012,11,2012-11,29.73532046752553,0.5000695847160712,1.407799582041696,4.683447400942992,238
2012,12,2012-12,29.59272054017895,0.49767143042253925,1.4010482803923008,4.660987267720772,239
2013,1,2013-01,28.54593711668121,0.4653070317809804,1.0937229811390006,10.138198781658025,240
2013,2,2013-02,27.609642295659544,0.45004515537942025,1.0578493239286226,9.805670093776639,241
2013,3,2013-03,29.536026489864053,0.4814457749425908,1.1316577491028375,10.489832810553478,242
2013,4,2013-04,29.514935473670125,0.4811019852781518,1.1308496576041216,10.48234225545952,243
2013,5,2013-05,30.191838347298194,0.49213569790928613,1.1567848450131002,10.72274690080944,244
2013,6,2013-06,33.79642679521405,0.5508915322206993,1.2948928078702708,12.002930278978665,245
2013,7,2013-07,31.642651381661565,0.5157843700103079,1.2123720044233255,11.238008700668207,246
2013,8,2013-08,33.1275596616841,0.5399888044774646,1.269265505733366,11.765379557468743,247
2013,9,2013-09,30.736603228717872,0.5010155230471262,1.1776572328310495,10.916222232676253,248
2013,10,2013-10,28.18438054627473,0.45941355510480425,1.0798701260577679,10.009790582389156,249
2013,11,2013-11,28.03061991062739,0.45690721226920644,1.073978865942024,9.95518190436205,250
2013,12,2013-12,27.082441313791104,0.4414516268845413,1.0376498879391274,9.618432648033647,251
2014,1,2014-01,25.539791130125113,0.6086317653592992,0.9660659059650213,4.500760704852734,252
2014,2,2014-02,25.881018999816455,0.616763473236701,0.9789731615253477,4.560893733329067,253
2014,3,2014-03,26.330621837637455,0.6274778352884242,0.9959797991533141,4.640125187296134,254
2014,4,2014-04,30.834214773126035,0.7348017246977206,1.1663323117151163,5.433772794335122,255
2014,5,2014-05,31.14054122681525,0.742101706492216,1.1779193893656954,5.487755305726733,256
2014,6,2014-06,30.61346546405792,0.7295411083913683,1.157982267653695,5.394871152155862,257
2014,7,2014-07,33.2485117898062,0.7923361754642545,1.2576552995502306,5.859233327162278,258
2014,8,2014-08,28.94636943508739,0.6898129996544492,1.0949228390408106,5.101086435586419,259
2014,9,2014-09,29.450295492352897,0.7018219234659789,1.1139843020171993,5.189891022324668,260
2014,10,2014-10,25.819908824579787,0.615307173392814,0.9766616133806152,4.550124566346826,261
2014,11,2014-11,26.836699861882803,0.6395380420354823,1.0151226622445038,4.7293090053433495,262
2014,12,2014-12,24.556565070471756,0.5852007745033001,0.9288744830106243,4.327491268515987,263
2015,1,2015-01,19.79502182881827,0.5174483341295605,0.6471851388566051,14.474064136101052,264
2015,2,2015-02,20.63785813279505,0.539480350320711,0.6747411140477254,15.090343664635554,265
2015,3,2015-03,22.814940340876014,0.5963899901067385,0.7459193761038899,16.682220035463963,266
2015,4,2015-04,22.811177229828026,0.5962916211552028,0.7457963436785061,16.67946845927825,267
2015,5,2015-05,20.965255986356738,0.5480386371156492,0.6854451702064411,15.329736051845494,268
2015,6,2015-06,24.107874591092905,0.6301877135798084,0.7881910057840796,17.62760991294096,269
2015,7,2015-07,22.473453903080365,0.5874634231196818,0.7347547030071077,16.432526115194214,270
2015,8,2015-08,21.74774267657708,0.5684930946976867,0.7110280547136179,15.901888112996863,271
2015,9,2015-09,22.123447021379828,0.5783141289468329,0.723311459635466,16.176602070370226,272
2015,10,2015-10,19.796000434467704,0.5174739152007737,0.6472171337206973,14.474779689792095,273
2015,11,2015-11,19.512650918805136,0.5100670663413013,0.6379532088195355,14.267595323030624,274
2015,12,2015-12,20.047314185791475,0.5240433387200253,0.6554336705072475,14.658539596015022,275
2016,1,2016-01,14.880038667676336,0.38656790072219555,0.4841797434394821,9.825083219138774,276
2016,2,2016-02,14.621478652254046,0.3798507809213166,0.4757664909791359,9.654359625914232,277
2016,3,2016-03,17.672010462268414,0.45910041892428577,0.5750273694024703,11.668583484157846,278
2016,4,2016-04,17.00929922110929,0.4418838713734797,0.5534634900413294,11.231004440173823,279
2016,5,2016-05,17.593352956181487,0.45705697887126234,0.5724679425106917,11.616647023482326,280
2016,6,2016-06,19.856527945791154,0.515851907045801,0.6461091144391098,13.110990089988677,281
2016,7,2016-07,18.200235640751956,0.472823158690988,0.5922152233528778,12.01736324561902,282
2016,8,2016-08,17.07411515141893,0.44356772170967407,0.5555725276056124,11.273801500278338,283
2016,9,2016-09,17.632734333768422,0.45808006602858276,0.5737493683001123,11.642650001076499,284
2016,10,2016-10,16.010260776649385,0.41592989350818277,0.5209559012824682,10.57135320705842,285
2016,11,2016-11,14.02256071960822,0.36429151705792984,0.45627837421774026,9.25890241904135,286
2016,12,2016-12,15.383297774485092,0.3996420479595271,0.5005552294620798,10.157378229630005,287
2017,1,2017-01,20.35139739801479,0.6784806630206628,0.729315243957208,3.847862499437761,288
2017,2,2017-02,21.87150324795671,0.729158383314739,0.7837899489177292,4.135270689685083,289
2017,3,2017-03,25.612795564497368,0.85388664849658,0.917863372240456,4.842641202024236,290
2017,4,2017-04,22.171794323340805,0.7391695724208818,0.7945512177691392,4.192047074386755,291
2017,5,2017-05,25.903353448471147,0.8635733497048047,0.928275841216896,4.897577320846611,292
2017,6,2017-06,27.343025358128997,0.9115695404672222,0.9798681053487376,5.169777771966825,293
2017,7,2017-07,21.986539205957254,0.7329934847345089,0.7879123920174449,4.157020672756043,294
2017,8,2017-08,23.714905843216847,0.7906142622691792,0.8498503568189891,4.4838049735451015,295
2017,9,2017-09,21.092561260822855,0.7031897942518197,0.7558756856234329,3.9879952174945457,296
2017,10,2017-10,20.471579183066428,0.6824873174832599,0.7336220935641397,3.870585410045403,297
2017,11,2017-11,20.439976359536388,0.6814337335822311,0.732489570794239,3.864610227252822,298
2017,12,2017-12,22.08623828142965,0.7363172808113156,0.7914852206605311,4.175870893516621,299
2018,1,2018-01,29.415790060459855,0.7689213586830754,0.9566874540152376,15.509651338067448,300
2018,2,2018-02,29.99684032544427,0.7841098665659738,0.9755849066255629,15.816013567376173,301
2018,3,2018-03,31.031575592463067,0.8111575863708164,1.009237521297797,16.361583928929562,302
2018,4,2018-04,33.19576397390306,0.867728926704789,1.079623251832101,17.502665203885673,303
2018,5,2018-05,31.414799158479894,0.8211749540653568,1.0217010715521921,16.563640847381713,304
2018,6,2018-06,36.18820198636012,0.94595050421755,1.1769460807464984,19.08044605317091,305
2018,7,2018-07,33.7320594029067,0.8817475544240322,1.0970651463900567,17.785430178103596,306
2018,8,2018-08,32.39939680360648,0.8469120890357527,1.0537230642441955,17.08277584776106,307
2018,9,2018-09,33.50145596276344,0.875719638459596,1.0895652486281957,17.663843134320995,308
2018,10,2018-10,30.221520722445337,0.7899829556713974,0.9828921697156342,15.934477651217636,309
2018,11,2018-11,26.858129069740894,0.7020647432397308,0.8735048443890537,14.161109275267346,310
2018,12,2018-12,28.702010470449412,0.7502633396047841,0.9334732558824796,15.1333067778657,311
2019,1,2019-01,20.008215947419703,0.6399935805206995,0.7830591558302626,4.1615914803302365,312
2019,2,2019-02,23.433203342346637,0.7495470735396627,0.9171024780959164,4.873968755766656,313
2019,3,2019-03,22.293924344883223,0.7131054814099719,0.8725146521571476,4.6370054112074754,314
2019,4,2019-04,27.083439325366324,0.8663054893153349,1.059961327428421,5.633196415446561,315
2019,5,2019-05,26.818360469401803,0.8578265341403762,1.0495869679290275,5.578061569266539,316
2019,6,2019-06,26.999980322560656,0.8636359246638612,1.0566950024119786,5.615837432719382,317
2019,7,2019-07,26.73726426541383,0.8552325472455281,1.0464131154874734,5.561194034825169,318
2019,8,2019-08,25.012871263894123,0.8000751831823041,0.9789257527141936,5.20253041170534,319
2019,9,2019-09,24.914369901667662,0.7969244655139649,0.9750707166752043,5.182042706508644,320
2019,10,2019-10,26.310587432963477,0.841584632086938,1.0297143152991441,5.47244775802338,321
2019,11,2019-11,22.237750546231617,0.7113086760063833,0.870316184914116,4.625321590795868,322
2019,12,2019-12,20.52700357380615,0.6565878011855217,0.8033628851503046,4.26949626163329,323
2020,1,2020-01,28.312194403902566,0.7932782183136826,0.9079911673219792,5.289601400876354,324
2020,2,2020-02,27.86745197733206,0.78081699843347,0.8937279777825734,5.206509637339571,325
2020,3,2020-03,28.4105560754378,0.7960342099698812,0.9111456924599073,5.30797843050969,326
2020,4,2020-04,33.4827056552892,0.9381505618260408,1.0738129499723148,6.255614249206181,327
2020,5,2020-05,33.33859007829391,0.9341125933620239,1.0691910662313922,6.228688962275495,328
2020,6,2020-06,33.238926301770846,0.9313201180793689,1.065994781708409,6.210068658798053,329
2020,7,2020-07,30.602303191272746,0.857444682865053,0.9814365005050527,5.717465185541621,330
2020,8,2020-08,32.04515835975844,0.897871982883283,1.0277098387712411,5.987035555524372,331
2020,9,2020-09,30.19797136304839,0.846115725888934,0.9684693061061522,5.641923382794616,332
2020,10,2020-10,27.48643475146697,0.7701412923483416,0.8815084984039161,5.135323729848904,333
2020,11,2020-11,24.42262559985941,0.6842965489007836,0.7832500727823242,4.562908573709425,334
2020,12,2020-12,28.26788444232731,0.7920366993105804,0.9065701169731174,5.28132291735517,335
2021,1,2021-01,34.698068470424026,1.2440661376105762,1.1243270243542436,7.910696895871416,336
2021,2,2021-02,34.27718106785576,1.22897562138405,1.1106889429918438,7.814740180821235,337
2021,3,2021-03,33.945799274981724,1.2170942433907281,1.099951126118123,7.739189551181104,338
2021,4,2021-04,34.4768895283298,1.2361359776811698,1.1171601279598062,7.86027104660121,339
2021,5,2021-05,39.13225954090272,1.4030498275292191,1.2680088219718544,8.921633327875867,340
2021,6,2021-06,38.70859024742563,1.3878595692585172,1.2542805985564394,8.825042378796326,341
2021,7,2021-07,41.094764771996196,1.4734135800524493,1.3316001907143464,9.36905834961665,342
2021,8,2021-08,37.22199423941735,1.3345590878370057,1.2061101919666448,8.486118313441215,343
2021,9,2021-09,36.46075686300799,1.3072656480456342,1.181443696338074,8.312566343085408,344
2021,10,2021-10,32.349044224574826,1.1598441146130092,1.0482112185789798,7.37515069318278,345
2021,11,2021-11,30.91225273614763,1.1083293267197587,1.001654635748503,7.047581394125003,346
2021,12,2021-12,30.752680034441514,1.1026079997574574,0.9964839761473689,7.011200946114522,347
2022,1,2022-01,23.324421861786693,0.8313200956378725,0.7233894958612406,5.538838260617749,348
2022,2,2022-02,23.786605255149365,0.8477930588285262,0.7377237680631946,5.648592709313148,349
2022,3,2022-03,25.44517435575147,0.9069071424060277,0.7891630480009861,6.04245224618527,350
2022,4,2022-04,29.068862836385723,1.0360612570131782,0.9015490354735775,6.9029676544569725,351
2022,5,2022-05,27.71843033643712,0.9879296599402821,0.859666381698869,6.5822811549835825,352
2022,6,2022-06,27.611512172212844,0.9841189237499043,0.8563503948171823,6.556891354444489,353
2022,7,2022-07,28.99510785014507,1.033432510089517,0.8992615797488426,6.885453096448985,354
2022,8,2022-08,25.37692502349494,0.9044746258894373,0.787046346015982,6.02624511294938,355
2022,9,2022-09,23.745151853257227,0.8463155925817872,0.7364381218133463,5.638748791646356,356
2022,10,2022-10,21.882674102569275,0.7799338751270031,0.6786747676300531,5.1964671742845665,357
2022,11,2022-11,26.049141317355115,0.9284335011409917,0.8078946315086186,6.18587596467666,358
2022,12,2022-12,22.717873741885118,0.809701740249109,0.7045778596598717,5.394801595815321,359
2023,1,2023-01,21.367819768706006,1.3870587556068086,0.816369340413368,7.163265760920847,360
2023,2,2023-02,21.765011822018785,1.4128418594128311,0.8315442818950096,7.296418898058973,361
2023,3,2023-03,21.473829569555395,1.3939402167965753,0.820419503328141,7.198804079053734,362
2023,4,2023-04,27.178228504110017,1.7642323932232997,1.0383592110786377,9.1111248500466,363
2023,5,2023-05,25.763960691087245,1.672427399823876,0.9843263291944426,8.637011144883505,364
2023,6,2023-06,26.46790962368245,1.7181231489000754,1.0112210864512914,8.873000279052498,365
2023,7,2023-07,25.88949431472956,1.680576219576237,0.9891224105280501,8.679094554319516,366
2023,8,2023-08,25.797651158050645,1.674614364038658,0.9856134920679058,8.648305407521466,367
2023,9,2023-09,23.579815200526852,1.5306469955058934,0.9008798459876257,7.904806606528378,368
2023,10,2023-10,23.749087935455364,1.5416350715758704,0.9073470041937212,7.961552947497927,369
2023,11,2023-11,23.27024069314258,1.510551448293871,0.8890523811766291,7.801026038683671,370
2023,12,2023-12,21.78441118353417,1.4141011387653513,0.8322854452020847,7.302922265441846,371
2024,1,2024-01,63.81469071668862,3.3534081112999905,3.572009823207969,13.17478702998395,372
2024,2,2024-02,63.53405143488849,3.3386607540164452,3.5563011163238674,13.116847976633693,373
2024,3,2024-03,65.7608584554254,3.4556775826040886,3.6809460289985934,13.57658080496776,374
2024,4,2024-04,70.9221354950168,3.726898332792665,3.9698470967412423,14.642146194938066,375
2024,5,2024-05,70.00077714024509,3.6784817292550485,3.9182743153490946,14.45192823781743,376
2024,6,2024-06,72.56266131560201,3.813106579385464,4.061675079930452,14.980839026645976,377
2024,7,2024-07,78.02078703711993,4.099926477146821,4.367192171286775,16.10768996263383,378
2024,8,2024-08,68.89039317574827,3.620131989541787,3.856120877258733,14.222685220426621,379
2024,9,2024-09,63.84340793839728,3.3549171770516266,3.5736172618225974,13.180715810267225,380
2024,10,2024-10,56.72205897836527,2.9806963025512685,3.1750017055291644,11.710486073808072,381
2024,11,2024-11,60.49531677368664,3.1789778135129376,3.3862087764875013,12.489489580747977,382
2024,12,2024-12,58.35488762971873,3.0665000694005187,3.266398841780186,12.047589795481553,383
